page_size,version,request_no,status,sql_statements,latency_ms
10,naive,1,200,11,7.88
10,naive,2,200,11,6.68
10,naive,3,200,11,6.77
10,naive,4,200,11,5.97
10,naive,5,200,11,6.21
10,naive,6,200,11,6.43
10,naive,7,200,11,5.66
10,naive,8,200,11,6.06
10,naive,9,200,11,5.45
10,naive,10,200,11,5.45
10,naive,11,200,11,5.57
10,naive,12,200,11,5.62
10,naive,13,200,11,5.5
10,naive,14,200,11,6.16
10,naive,15,200,11,5.51
10,naive,16,200,11,5.86
10,naive,17,200,11,5.74
10,naive,18,200,11,6.2
10,naive,19,200,11,5.97
10,naive,20,200,11,5.65
10,naive,21,200,11,5.41
10,naive,22,200,11,6.01
10,naive,23,200,11,5.55
10,naive,24,200,11,5.51
10,naive,25,200,11,5.54
10,naive,26,200,11,5.52
10,naive,27,200,11,5.64
10,naive,28,200,11,5.81
10,naive,29,200,11,5.43
10,naive,30,200,11,5.73
10,fixed,1,200,1,5.69
10,fixed,2,200,1,3.63
10,fixed,3,200,1,3.42
10,fixed,4,200,1,2.99
10,fixed,5,200,1,3.06
10,fixed,6,200,1,3.09
10,fixed,7,200,1,3.48
10,fixed,8,200,1,3.74
10,fixed,9,200,1,2.97
10,fixed,10,200,1,2.98
10,fixed,11,200,1,3.16
10,fixed,12,200,1,3.77
10,fixed,13,200,1,3.17
10,fixed,14,200,1,2.83
10,fixed,15,200,1,2.87
10,fixed,16,200,1,2.84
10,fixed,17,200,1,3.18
10,fixed,18,200,1,3.25
10,fixed,19,200,1,2.95
10,fixed,20,200,1,3.03
10,fixed,21,200,1,3.02
10,fixed,22,200,1,3.07
10,fixed,23,200,1,3.43
10,fixed,24,200,1,3.21
10,fixed,25,200,1,2.84
10,fixed,26,200,1,2.85
10,fixed,27,200,1,3.13
10,fixed,28,200,1,3.37
10,fixed,29,200,1,2.98
10,fixed,30,200,1,3.0
50,naive,1,200,51,18.22
50,naive,2,200,51,19.17
50,naive,3,200,51,18.08
50,naive,4,200,51,18.26
50,naive,5,200,51,17.98
50,naive,6,200,51,18.05
50,naive,7,200,51,17.99
50,naive,8,200,51,18.22
50,naive,9,200,51,17.64
50,naive,10,200,51,17.99
50,naive,11,200,51,17.83
50,naive,12,200,51,18.06
50,naive,13,200,51,18.04
50,naive,14,200,51,19.73
50,naive,15,200,51,17.81
50,naive,16,200,51,16.81
50,naive,17,200,51,17.2
50,naive,18,200,51,17.69
50,naive,19,200,51,17.0
50,naive,20,200,51,23.9
50,naive,21,200,51,21.29
50,naive,22,200,51,19.41
50,naive,23,200,51,17.54
50,naive,24,200,51,17.07
50,naive,25,200,51,21.31
50,naive,26,200,51,16.71
50,naive,27,200,51,17.05
50,naive,28,200,51,16.91
50,naive,29,200,51,17.92
50,naive,30,200,51,17.64
50,fixed,1,200,1,4.24
50,fixed,2,200,1,3.88
50,fixed,3,200,1,4.15
50,fixed,4,200,1,4.92
50,fixed,5,200,1,3.77
50,fixed,6,200,1,3.74
50,fixed,7,200,1,4.55
50,fixed,8,200,1,3.88
50,fixed,9,200,1,3.67
50,fixed,10,200,1,3.61
50,fixed,11,200,1,4.07
50,fixed,12,200,1,3.83
50,fixed,13,200,1,3.83
50,fixed,14,200,1,3.9
50,fixed,15,200,1,3.89
50,fixed,16,200,1,3.68
50,fixed,17,200,1,3.66
50,fixed,18,200,1,3.67
50,fixed,19,200,1,3.98
50,fixed,20,200,1,4.0
50,fixed,21,200,1,3.93
50,fixed,22,200,1,3.66
50,fixed,23,200,1,3.59
50,fixed,24,200,1,4.0
50,fixed,25,200,1,3.93
50,fixed,26,200,1,22.26
50,fixed,27,200,1,4.52
50,fixed,28,200,1,4.03
50,fixed,29,200,1,4.17
50,fixed,30,200,1,3.57
200,naive,1,200,201,65.26
200,naive,2,200,201,61.27
200,naive,3,200,201,60.81
200,naive,4,200,201,58.32
200,naive,5,200,201,60.12
200,naive,6,200,201,61.43
200,naive,7,200,201,62.18
200,naive,8,200,201,61.84
200,naive,9,200,201,62.81
200,naive,10,200,201,59.47
200,naive,11,200,201,60.01
200,naive,12,200,201,59.61
200,naive,13,200,201,61.21
200,naive,14,200,201,66.87
200,naive,15,200,201,61.76
200,naive,16,200,201,63.15
200,naive,17,200,201,62.97
200,naive,18,200,201,61.07
200,naive,19,200,201,60.83
200,naive,20,200,201,58.45
200,naive,21,200,201,58.79
200,naive,22,200,201,62.58
200,naive,23,200,201,61.61
200,naive,24,200,201,65.23
200,naive,25,200,201,72.46
200,naive,26,200,201,72.67
200,naive,27,200,201,68.36
200,naive,28,200,201,63.45
200,naive,29,200,201,83.53
200,naive,30,200,201,72.89
200,fixed,1,200,1,7.24
200,fixed,2,200,1,6.69
200,fixed,3,200,1,7.33
200,fixed,4,200,1,6.55
200,fixed,5,200,1,7.36
200,fixed,6,200,1,7.23
200,fixed,7,200,1,7.39
200,fixed,8,200,1,7.02
200,fixed,9,200,1,7.44
200,fixed,10,200,1,10.04
200,fixed,11,200,1,7.85
200,fixed,12,200,1,7.54
200,fixed,13,200,1,10.08
200,fixed,14,200,1,9.89
200,fixed,15,200,1,10.78
200,fixed,16,200,1,32.43
200,fixed,17,200,1,7.72
200,fixed,18,200,1,6.59
200,fixed,19,200,1,6.16
200,fixed,20,200,1,6.47
200,fixed,21,200,1,7.06
200,fixed,22,200,1,6.87
200,fixed,23,200,1,6.27
200,fixed,24,200,1,5.77
200,fixed,25,200,1,5.92
200,fixed,26,200,1,6.46
200,fixed,27,200,1,6.23
200,fixed,28,200,1,6.01
200,fixed,29,200,1,6.04
200,fixed,30,200,1,5.94
