injected failure rate,call number,success,attempts,latency ms
0.0,1,True,1,26.14
0.0,2,True,1,1.12
0.0,3,True,1,0.7
0.0,4,True,1,0.66
0.0,5,True,1,0.67
0.0,6,True,1,0.64
0.0,7,True,1,0.64
0.0,8,True,1,0.63
0.0,9,True,1,0.92
0.0,10,True,1,0.65
0.0,11,True,1,0.63
0.0,12,True,1,0.68
0.0,13,True,1,0.65
0.0,14,True,1,0.62
0.0,15,True,1,0.8
0.0,16,True,1,0.83
0.0,17,True,1,0.71
0.0,18,True,1,0.67
0.0,19,True,1,0.62
0.0,20,True,1,0.86
0.0,21,True,1,0.66
0.0,22,True,1,0.63
0.0,23,True,1,0.66
0.0,24,True,1,0.78
0.0,25,True,1,0.62
0.0,26,True,1,0.62
0.0,27,True,1,0.63
0.0,28,True,1,0.62
0.0,29,True,1,0.6
0.0,30,True,1,0.6
0.0,31,True,1,0.82
0.0,32,True,1,1.06
0.0,33,True,1,0.73
0.0,34,True,1,0.63
0.0,35,True,1,0.73
0.0,36,True,1,0.66
0.0,37,True,1,0.65
0.0,38,True,1,0.9
0.0,39,True,1,0.92
0.0,40,True,1,0.88
0.0,41,True,1,0.64
0.0,42,True,1,0.62
0.0,43,True,1,0.61
0.0,44,True,1,0.61
0.0,45,True,1,0.6
0.0,46,True,1,0.61
0.0,47,True,1,0.6
0.0,48,True,1,0.77
0.0,49,True,1,0.65
0.0,50,True,1,0.65
0.2,1,True,1,0.88
0.2,2,True,2,101.66
0.2,3,True,1,0.98
0.2,4,True,1,0.8
0.2,5,True,1,0.76
0.2,6,True,1,0.69
0.2,7,True,1,0.7
0.2,8,True,2,102.06
0.2,9,True,1,1.08
0.2,10,True,1,1.11
0.2,11,True,1,0.99
0.2,12,True,1,0.99
0.2,13,True,1,0.97
0.2,14,True,1,1.03
0.2,15,True,1,0.84
0.2,16,True,1,0.9
0.2,17,True,2,101.75
0.2,18,True,1,0.63
0.2,19,True,1,0.57
0.2,20,True,1,0.64
0.2,21,True,2,101.34
0.2,22,True,1,0.59
0.2,23,True,1,0.81
0.2,24,True,1,0.73
0.2,25,True,1,0.59
0.2,26,True,2,101.93
0.2,27,True,1,0.79
0.2,28,True,1,0.58
0.2,29,True,2,101.45
0.2,30,True,1,0.68
0.2,31,True,1,0.65
0.2,32,True,2,102.04
0.2,33,True,1,1.03
0.2,34,True,1,0.97
0.2,35,True,1,0.92
0.2,36,True,1,1.0
0.2,37,True,1,0.94
0.2,38,True,1,0.91
0.2,39,True,1,0.86
0.2,40,True,1,0.79
0.2,41,True,2,101.8
0.2,42,True,1,0.98
0.2,43,True,1,1.02
0.2,44,True,2,101.43
0.2,45,True,1,0.85
0.2,46,True,1,0.73
0.2,47,True,2,101.85
0.2,48,True,1,0.81
0.2,49,True,1,0.77
0.2,50,True,1,0.7
0.5,1,True,1,0.71
0.5,2,True,3,302.14
0.5,3,True,2,101.74
0.5,4,True,1,0.73
0.5,5,True,1,0.64
0.5,6,True,2,101.64
0.5,7,True,1,0.77
0.5,8,True,1,0.88
0.5,9,True,1,0.68
0.5,10,True,1,0.64
0.5,11,True,2,101.72
0.5,12,True,1,0.66
0.5,13,True,1,0.62
0.5,14,True,2,101.85
0.5,15,False,4,700.59
0.5,16,True,1,1.43
0.5,17,True,1,0.7
0.5,18,True,1,0.61
0.5,19,True,4,701.94
0.5,20,False,4,700.63
0.5,21,True,2,101.74
0.5,22,False,4,701.39
0.5,23,True,3,301.7
0.5,24,True,2,101.37
0.5,25,True,3,302.3
0.5,26,True,2,101.6
0.5,27,True,2,101.95
0.5,28,True,1,0.83
0.5,29,True,3,301.58
0.5,30,True,1,0.95
0.5,31,True,3,301.52
0.5,32,True,1,0.67
0.5,33,True,1,0.63
0.5,34,True,1,0.63
0.5,35,True,2,101.77
0.5,36,True,1,0.88
0.5,37,True,2,101.43
0.5,38,True,1,0.68
0.5,39,True,1,0.7
0.5,40,True,2,101.73
0.5,41,True,2,101.79
0.5,42,True,1,0.68
0.5,43,False,4,700.68
0.5,44,True,1,1.48
0.5,45,True,1,0.68
0.5,46,True,1,0.63
0.5,47,True,2,101.66
0.5,48,True,2,101.46
0.5,49,True,1,0.68
0.5,50,True,1,0.64
